"Ключевое слово";"Результатов в Яндексе";"Слов";"Символов";"Частотность Весь мир";"""!Частотность !Весь !мир""";"Позиция в выдаче Яндекса"
"задний кардан чернигов на ниву 2121";62000000;6;35;10;10;2
"кардан на ниву купить черниговский";56000000;5;34;55;8;7
"купить шаровые опоры на ваз 2106 в украине";191000000;8;42;12;7;6
"черниговский кардан на ниву";83000000;4;27;89;13;6
"украина электроусилитель руля ваз 2110 украина";101000000;6;46;21;7;6
"шаровые опоры на ваз 2106 купить в украине";205000000;8;42;14;10;6
"купить стойки на ваз 21099 в украине";14000000;7;36;40;12;7
"тяга панара ваз 2123";106000000;4;20;21;10;4
"кардан задний на ниву 2121 чернигов";15000000;6;35;14;13;6
"купить черниговский кардан на ниву";73000000;5;34;38;14;5
"главный цилиндр сцепления ваз 2106 цена украина";164000000;7;47;8;8;6
"лузар официальный сайт украина";88000000;4;30;7;7;3
"система охлаждения ваз 21073 инжектор";101000000;5;37;22;8;4
"купить передние амортизаторы ваз 2106 оригинал в украине";6000000;8;56;66;66;7
"кардан черниговский на ниву";85000000;4;27;88;13;5
"запчасти на ваз 2121 нива цена каталог украина";54000000;8;46;34;34;3
"купить редуктор ваз 2103 в украине";22000;6;34;14;7;7
"ваз на запчасти купить в харькове";852000;6;33;136;12;9
"система охлаждения ваз 21214 инжектор подробная";118000000;6;47;7;7;8
"авар ао";2000000;2;7;40;10;8
"стойки на ваз 2109 купить в украине";9000000;7;35;47;6;8
"стеклоподъемники катран официальный сайт";62000000;4;40;7;7;8
"купить в украине амортизаторы на ваз 2101";53000000;7;41;24;14;9
"диффузор на ниву 2121";78000000;4;21;72;13;8
"купить кардан на ниву черниговский";61000000;5;34;55;8;8
"запчасти на ваз купить в харькове";1000000;6;33;136;12;8
"запчасти на ваз 2121 4х4 нива купить украина";13000000;8;44;7;7;8
"efp la2101lp";4000;2;12;22;13;8
"купить передние стойки на ваз 2115 в харькове";16000000;8;45;16;13;8
"черниговский кардан на ниву купить";133000000;5;34;41;17;9
"кардан на ниву черниговский";87000000;4;27;87;11;8
"передние стойки на ваз 2109 цена украина";98000000;7;40;8;7;7
"электростеклоподъемники купить украина на ваз 2107";88000000;6;50;20;9;9
"запчасти на ваз 2106 в харькове";359000;6;31;59;12;11
"электростеклоподъемники на ваз 21099 купить в украине";105000000;7;53;16;7;10
"купить сс 20 в украине";200000000;5;22;11;9;10
"продажа запчастей на 21213 в харькове и области на рст";26000;10;54;20;20;11
"электростеклоподъемники на ваз 2110 купить в украине";11000000;7;52;10;8;10
"амортизаторы на ваз 2101 купить в украине";29000000;7;41;24;14;11
"купить стеклоподъемники на ваз 2110 в украине";135000000;7;45;10;7;9
"украина купить стеклоподъемники на ваз 2107";193000000;6;43;18;8;10
"купить запчасти на ваз в харькове";11000000;6;33;136;12;10
"купить стеклоподъемники на ваз 2107 украина";184000000;6;43;18;8;10
"интернет магазин автозапчастей украина ваз";215000000;5;42;44;7;9
"купить стойки на ваз 2109 в украине";10000000;7;35;35;13;10
"официальный сайт стеклоподъемники катран";94000000;4;40;23;18;11
"запчасти на ваз 2121 нива цена в украине";11000000;8;40;44;10;10
"купить стойки на ваз 2110 в украине";17000000;7;35;70;8;9
"нива система охлаждения 2121";75000000;4;28;64;12;11
"нива урбан купить в украине";177000000;5;27;70;15;12
"ваз 2103 система зажигания";87000000;4;26;39;6;11
"электрокорректор фар на ваз 2110 купить в украине";214000000;8;49;12;7;11
"нива 21214 инжектор система охлаждения";80000000;5;38;63;35;12
"электростеклоподъемники купить в украине на ваз 21099";104000000;7;53;16;7;11
"нива инжектор система охлаждения 21214";80000000;5;38;53;25;12
"ваз 2103 система охлаждения";86000000;4;27;110;9;11
"купить электростеклоподъемники в украине на ваз 21099";120000000;7;53;16;7;11
"интернет магазин автозапчастей ваз украина";212000000;5;42;44;7;11
"купить в харькове запчасти на ваз";4000000;6;33;124;6;11
"кулиса раздатки нива шевроле";47000000;4;28;40;11;11
"купить кардан черниговский на ниву";85000000;5;34;52;8;11
"система охлаждения ваз 21214 инжектор";101000000;5;37;161;26;12
"передние стойки на ваз 2110 цена украина";204000000;7;40;14;7;11
"электростеклоподъемники купить на газель в украине";126000000;6;50;27;11;11
"генератор ваз 2106 купить украина";20000000;5;33;40;15;12
"сс 20 купить в украине";223000000;5;22;11;9;13
"купить шрус на ваз 2108 в украине";254000000;7;33;26;13;13
"автозапчасти на ваз интернет магазин украина";211000000;6;44;48;7;12
"система охлаждения 2121 нива";78000000;4;28;64;12;13
"электростеклоподъемники на ваз 21099 в украине купить";36000000;7;53;16;7;12
"автомагазин украина";100000000;2;19;162;10;13
"цена задние стойки на ваз 2110 цена в украине";13000000;9;45;15;8;12
"украина интернет магазин автозапчастей ваз";211000000;5;42;52;7;12
"шаровые опоры на ваз 2110 купить в украине";224000000;8;42;9;8;12
"нива урбан в украине купить";108000000;5;27;70;15;13
"auto com ua";97000000;3;11;931;8;12
"электростеклоподъемники на ваз 2106 купить в украине";17000000;7;52;9;8;12
"стойки на ваз 2110 цена украина";154000000;6;31;49;11;13
"электронное зажигание на ваз 2101 купить украина";28000000;7;48;10;7;12
"солекс 21083 купить в украине";63000000;5;29;26;10;12
"купить карбюратор на ваз в украине";13000000;6;34;134;9;13
"купить электростеклоподъемники на ваз 2107 украина";92000000;6;50;20;9;14
"официальный сайт катран стеклоподъемники";100000000;4;40;23;18;14
"замена гидрокомпенсаторов на болты нива 21214";58000000;6;45;40;27;14
"купить генератор ваз 2106 украина";119000000;5;33;37;14;14
"нива 2121 система охлаждения";76000000;4;28;91;19;14
"купить в украине карбюратор на ваз";10000000;6;34;166;9;14
"блок ваз 21213 купить украина";50000000;5;29;7;7;13
"ваз 21214 инжектор система охлаждения";102000000;5;37;105;25;14
"электроусилитель руля на ваз 2110 купить в украине";185000000;8;50;7;7;13
"21214 нива система охлаждения";71000000;4;29;190;19;14
"редуктор ваз 2103 купить в украине";21000;6;34;14;7;13
"катран стеклоподъемники официальный сайт";63000000;4;40;7;7;13
"амортизаторы на ваз 2106 цена украина";4000000;6;37;14;13;14
"стойки на ваз 2108 купить в харькове";15000000;7;36;24;7;13
"купить задние стойки на ваз 2110 в украине";14000000;8;42;19;7;13
"купить электростеклоподъемники на ваз 2106 в украине";46000000;7;52;9;9;14
"нива урбан цена в украине";180000000;5;25;20;12;15
"система охлаждения нива 21214 инжектор";80000000;5;38;70;35;15
"купить электроусилитель руля на ваз 2110 в украине";134000000;8;50;7;7;14
"нива 21214 замена гидрокомпенсаторов на болты";57000000;6;45;40;27;15
"интернет магазин автозапчасти украина на ваз";209000000;6;44;71;7;14
"система питания нива 21214 инжектор";92000000;5;35;14;14;15
"купить карбюратор в украине ваз";22000000;5;31;189;8;14
"купить электрокорректор фар на ваз 2110 в украине";189000000;8;49;13;7;14
"купить генератор на ваз 2106 бу в украине";1000000;8;41;8;8;14
"купить генератор в украине на ваз 2106";39000000;7;38;37;6;14
"купить задние стойки на ваз 2110 цена в украине";69000000;9;47;8;8;14
"купить электростеклоподъемники на ваз 2106 на украине";14000000;7;53;9;8;14
"купить шаровые опоры на ваз 2101 в украине";212000000;8;42;25;15;15
"передний тормозной цилиндр ваз 2110 цена купить в украине";291000000;9;57;8;8;14
"купить карбюратор на ваз на украине";13000000;6;35;134;9;14
"ваз 21214 система охлаждения";82000000;4;28;356;11;15
"ваз 2104 система охлаждения";86000000;4;27;234;22;16
"диффузор на ниву 21213";73000000;4;22;40;7;15
"1 auto com";99000000;3;10;515;9;15
"ваз 21214 рулевое управление";85000000;4;28;44;7;15
"купить в украине электрокорректор фар ваз 2110";205000000;7;46;10;8;15
"авторынок лоск в харькове запчасти";68000000;5;34;26;6;15
"автозапчасти в украине на ваз";3000000;5;29;142;10;15
"купить сцепление на ваз 2106 в сборе цена харьков";5000000;9;49;9;8;15
"ваз 21214 главный цилиндр сцепления";146000000;5;35;95;10;15
"нива 21214 система охлаждения";75000000;4;29;182;7;15
"главный тормозной цилиндр ваз 21214 нового образца";198000000;7;50;16;10;15
"система охлаждения ваз 2104 карбюратор";105000000;5;38;22;10;15
"система охлаждения 2121";56000000;3;23;312;6;15
"ваз 2121 система отопления";155000000;4;26;47;9;15
"автозапчасти на ваз на украине";7000000;5;30;142;11;15
"купить запчасти в украине на ваз 2106";20000;7;37;75;21;16
"ss20 официальный сайт в украине";187000000;5;31;10;10;17
"тормозная система ваз 2121 нива схема";124000000;6;37;40;22;17
"купить карбюратор на ваз 2105 цена новый в украине";31000000;9;50;8;7;16
"купить нива урбан в украине";40000000;5;27;70;15;17
"купить в харькове стойки на ваз 2108";17000000;7;36;24;7;16
"купить в украине генератор ваз 2101 в";28000000;7;37;14;10;17
"купить электронное зажигание на ваз 2101 украина";129000000;7;48;13;10;16
"генератор ваз 2108 купить украина";82000000;5;33;21;7;16
"украина автомагазин";101000000;2;19;156;8;16
"главный цилиндр сцепления нива урбан";147000000;5;36;47;25;17
"система охлаждения ваз 21214";80000000;4;28;353;11;16
"автозапчасти на ваз в украине";11000000;5;29;142;10;16
"нива шевроле кулиса раздатки";47000000;4;28;40;11;17
"система охлаждения двигателя 21214 нива инжектор";108000000;6;48;17;8;16
"управление рулевое ваз 21214";85000000;4;28;45;13;16
"универсальные электростеклоподъемники купить в украине";179000000;5;54;13;9;17
"купить редукторный стартер на ваз 2106 в украине";53000000;8;48;17;7;18
"цилиндр сцепления ваз 21214 главный";147000000;5;35;69;16;18
"карданный вал ваз 2106 цена украина";192000000;6;35;8;7;17
"система охлаждения двигателя ваз 21214 инжектор схема";149000000;7;53;16;15;18
"система охлаждения ваз 21214 инжектор схема";123000000;6;43;28;6;17
"подшипник передней ступицы нива урбан";146000000;5;37;23;9;18
"система питания ваз 21214 инжектор 2014 года";204000000;7;44;7;7;17
"система охлаждения 21214 нива";67000000;4;29;182;7;17
"купить стартер на ваз 2106 в харькове";3000000;7;37;13;7;17
"купить запчасти на ваз 2106 в украине";22000;7;37;75;21;18
"подшипник ступицы передней нива урбан";143000000;5;37;23;9;17
"автозапчасти интернет магазин на ваз украина";215000000;6;44;48;7;17
"шевроле нива система смазки";87000000;4;27;41;11;18
"автозапчасти интернет магазин украина на ваз";215000000;6;44;48;7;17
"электростеклоподъемники универсальные купить в украине";178000000;5;54;13;9;17
"диффузор 2121";71000000;2;13;117;7;18
"купить запчасти на ваз 2109 в украине";2000000;7;37;49;15;20
"нива урбан стеклоподъемники";102000000;3;27;104;9;19
"запчасти ваз 2106 купить в украине";21000;6;34;64;14;19
"ручки дверные на ваз классику от десятки купить в украине";75000000;10;57;7;7;19
"цилиндр сцепления главный ваз 21214";147000000;5;35;106;10;19
"интернет автомагазин украина";145000000;3;28;44;22;20
"купить термостат на ваз 2110 в украине";207000000;7;38;18;6;18
"запчасти ваз 2170 приора украина";177000000;5;32;12;10;19
"диск сцепления ваз 2101 цена в украине";178000000;7;38;19;19;19
"редуктор заднего моста ваз 2106 купить в украине";12000000;8;48;13;10;19
"поворотный кулак нива урбан";75000000;4;27;17;7;18
"тормозная система ваз 21214 нива схема";125000000;6;38;29;25;19
"купить кузов новый ваз 2108 в украине";24000;7;37;8;7;19
"система охлаждения ваз 2131 инжектор схема";125000000;6;42;15;15;19
"купить стойки сааз на ваз 2109 в донецке";15000000;8;40;7;7;18
"стартер на ваз 2106 купить в украине";23000000;7;36;38;13;20
"ваз 17 63";132000000;3;9;63;12;21
"лоск харьков автозапчасти интернет магазин";120000000;5;42;23;19;21
"купить замки на ваз 2107 купить в украине";75000000;8;41;24;6;20
"бензонасос ваз 2106 цена украина";116000000;5;32;18;15;21
"купить ниву урбан в украине";10000000;5;27;70;22;21
"запчасти на ваз 2109 купить в украине";2000000;7;37;43;13;21
"гидрокомпенсаторы ваз 2110 16 клапанов цена украина";220000000;7;51;10;10;20
"стойки на ваз купить в украине";30000000;6;30;242;24;21
"главный цилиндр сцепления 21214";110000000;4;31;231;9;20
"купить стойки на ваз в украине";29000000;6;30;258;22;21
"купить в украине бесшумные замки на ваз 2106";171000000;8;44;14;11;20
"купить запчасти на ваз 2112 в украине";29000000;7;37;10;9;20
"купить запчасти ваз 2106 в украине";23000;6;34;64;14;21
"купить генератор ваз 2108 украина";82000000;5;33;23;7;20
"купить автозапчасти в украине на ваз 2109";1000000;7;41;14;12;20
"автозапчасти лоск харьков";60000000;3;25;45;11;21
"купить запчасти на ниву 2121 в украине бу";10000000;8;41;11;11;22
"купить стартер на ваз 2106 в украине";5000000;7;36;38;13;22
"ваз 21214 нива тайга цены украина";21000000;6;33;26;23;22
"auto ua com";95000000;3;11;1026;12;22
"ваз 2108 карбюратор система охлаждения";103000000;5;38;89;19;22
"купить бесшумные замки на ваз 2106 в украине";197000000;8;44;14;11;22
"эсп катран официальный сайт";125000000;4;27;7;7;21
"купить в украине запчасти на ваз 2106";22000;7;37;75;21;22
"кузов ваз 2108 купить в украине";22000;6;31;25;7;21
"амортизаторы hola официальный сайт";117000000;4;34;19;18;22
"редукторный стартер на ваз 2106 купить в украине";92000000;8;48;9;7;21
"разборка нива 21213 в украине";4000000;5;29;7;7;21
"купить автозапчасти на ваз 2109 в украине";1000000;7;41;14;12;22
"купить бензонасос на ваз 2106 в украине";126000000;7;39;90;82;22
"генератор на ваз 2101 купить в украине";16000000;7;38;17;7;21
"ваз 2171 купить в украине";19000;5;25;106;10;22
"купить стойки каяба на ваз 2110 в украине";72000000;8;41;11;7;23
"автоагрегатный завод украина";3000000;3;28;11;10;23
"запчасти на ваз 2106 купить в украине";23000;7;37;66;21;23
"цилиндр сцепления главный 21214";113000000;4;31;238;9;23
"авто реал украина";92000000;3;17;12;11;23
"купить ремень грм на ваз 2110 16 клапанов в украине";270000000;10;51;10;8;23
"купить кузов ваз 2108 новый в украине";24000;7;37;8;7;22
"карта смазки ваз 2115";83000000;4;21;18;18;23
"карта смазки ваз 21214";79000000;4;22;10;7;22
"бесшумные замки на ваз 2106 купить в украине";211000000;8;44;14;11;23
"в украине запчасти на приору";30000000;5;28;34;7;22
"нива промвал на эластичных муфтах";62000000;5;33;63;7;22
"стартер на ваз 2106 цена украина";7000000;6;32;9;9;23
"нива урбан купить в минске";147000000;5;26;87;50;23
"купить электробензонасос низкого давления в украине";38000000;6;51;18;9;22
"2121 диффузор";71000000;2;13;116;7;23
"двигатель ваз 2106 купить в украине";20000;6;35;68;6;24
"двигатель ваз 2103 купить в украине";20000;6;35;63;7;24
"com auto ua";98000000;3;11;931;8;24
"система охлаждения нива 21214";68000000;4;29;182;7;24
"термостат гранта лузар 92 градуса";73000000;5;33;22;7;24
"купить в украине генератор на ваз";53000000;6;33;112;6;24
"цилиндр сцепления главный нива урбан";146000000;5;36;45;25;24
"редуктор заднего моста ваз 2106 цена украина бу";6000000;8;47;8;8;24
"купить в харькове ваз 2111";22000;5;26;133;13;24
"промвал на эластичных муфтах нива";62000000;5;33;58;7;24
"купить в украине запчасти на ваз 2106 в";24000;8;39;71;6;23
"цены на запчасти на ваз в украине";3000000;7;33;118;20;24
"кзаэ калужский завод автомобильного электрооборудования";66000000;5;55;20;7;24
"шевроле нива пыльник кулисы";107000000;4;27;48;11;24
"харьков ваз нива";2000000;3;16;98;6;23
"цилиндр сцепления главный нива 21214";126000000;5;36;86;21;25
"москвич 412 крестовина размеры";17000000;4;30;101;21;26
"шкив коленвала с кондиционером 2123";95000000;5;35;18;6;25
"стартер на ваз 2106 цена в харькове";787000;7;35;10;7;25
"ad plastik хорватия";140000000;3;19;20;6;25
"диаметр пружины калина";57000000;3;22;20;6;25
"стартер ваз 2110 цена украина";120000000;5;29;36;28;26
"ваз 2108 схема охлаждения";71000000;4;25;83;10;25
"купить в украине ваз приора";8000000;5;27;215;7;25
"стеклоподъемники нива урбан";102000000;3;27;99;9;25
"украина нива купить";10000000;3;19;3156;6;25
"цилиндр сцепления главный 21214 valeo";119000000;5;37;25;13;25
"каталожный номер шаровая опора шевроле нива";103000000;6;43;9;9;25
"официальный сайт сэви";62000000;3;21;276;243;26
"ваз 21214м тормозная система";162000000;4;28;17;9;25
"amp клапана официальный сайт";96000000;4;28;18;18;25
"подшипник помпы ваз 2108 размеры";95000000;5;32;17;14;26
"система отопления нива 21213";74000000;4;28;29;9;27
"автоваз украина";76000000;2;15;134;18;27
"какая рейка стоит на калине с эур";75000000;7;33;25;6;26
"купить руль на ваз 21099 в украине";23000;7;34;18;17;27
"как заменить гидрокомпенсаторы на болты на нива";50000000;7;47;26;6;26
"ваз 21214 сцепление инжектор";118000000;4;28;28;10;27
"купить бампер задний на ваз 2102 в украине";1000000;8;42;7;7;26
"система отопления на ваз 2101";155000000;5;29;23;6;26
"стартер на ваз 2105 купить в украине";69000000;7;36;7;7;26
"2111 харьков купить";20000;3;19;112;24;27
"ваз 2115 карта смазки";114000000;4;21;8;8;26
"ремни безопасности ваз 2106 купить украина";108000000;6;42;8;7;26
"купить кузов ваз 2101 с документами в украине";1000000;8;45;23;11;27
"купить двигатель ваз 2103 в украине";22000;6;35;63;7;26
"антивибрационные ручки раздатки на ниву ваз 2121";96000000;7;48;9;9;26
"система охлаждения двигателя ваз 2108";127000000;5;37;59;8;27
"купить нива ваз 2121 в украине";10000000;6;30;279;11;28
"топливная система нива 21214 инжектор";84000000;5;37;31;17;28
"купить в украине ваз 2111";24000;5;25;331;101;28
"клапана amp официальный сайт";96000000;4;28;13;13;28
"автозапчасти интернет магазин харьков лоск";124000000;5;42;30;19;28
"задние пружины на ваз 2104 усиленные цена";183000000;7;41;16;12;28
"шрус приора каталожный номер";1000000;4;28;18;7;27
"крестовина размеры москвич 412";40000000;4;30;101;21;28
"гранта система питания";93000000;3;22;55;6;27
"лоск интернет магазин харьков автозапчасти";119000000;5;42;28;17;28
"купить стартер на ваз 2109 в харькове";3000000;7;37;12;7;27
"дроссельный узел нива 21214";28000000;4;27;32;7;27
"купить запчасти в украине на ваз 2104";24000;7;37;15;13;28
"беларусь бцм";29000000;2;12;23;6;27
"регулировочные болты вместо гидрокомпенсаторов";33000000;4;46;26;7;27
"сколько стоит промежуточный вал на ниву";158000000;6;39;27;9;28
"реактивные тяги 21217 на ниву нового образца";84000000;7;44;8;8;29
"нива тяга панара регулируемая";42000000;4;29;124;11;29
"заглушка трамблера 21214";77000000;3;24;24;6;28
"нива 21213 система отопления";67000000;4;28;29;9;29
"купить бу кузов ваз 2108 с документами в украине";24000;9;48;15;15;29
"лузар луганск официальный сайт";101000000;4;30;9;9;29
"схема тормозной системы ваз 2121";120000000;5;32;45;7;28
"какие высоковольтные провода лучше на ваз 2107 инжектор";115000000;8;55;29;26;29
"привод спидометра 2106 сколько зубьев";87000000;5;37;27;6;28
"купить запчасти на ваз 2107 в харькове";6000000;7;38;16;13;29
"запчасти на ваз 2112 в украине купить";38000000;7;37;10;9;28
"купить электростеклоподъемники универсальные в украине";144000000;5;54;11;7;28
"система питания ваз 2115";92000000;4;24;52;9;29
"купить кузов на ваз 2108 в украине";22000;7;34;28;6;28
"ваз 2115 система питания";95000000;4;24;53;9;28
"какой вакуумник стоит на ниве 21213";32000000;6;35;7;7;29
"кулиса раздатки шевроле нива";105000000;4;28;40;11;31
"регулировочные шайбы нижнего рычага нива";84000000;5;40;21;6;30
"купить запчасти на ваз украина";26000000;5;30;556;8;30
"купить в украине кузов на ваз 2108";23000;7;34;64;6;30
"шрус нива шевроле в сборе купить в";156000000;7;34;19;6;30
"замена гидрокомпенсаторов нива шевроле на регулировочные болты";77000000;7;62;19;18;31
"ваз 2102 харьков";911000;3;16;148;6;29
"разборка нива 2121 украина";41000000;4;26;19;7;30
"система охлаждения нива 2121";80000000;4;28;91;19;30
"наконечник рулевой ваз 2108 размеры";98000000;5;35;19;6;30
"гидроопоры двигателя нива";32000000;3;25;47;6;29
"кейэйси кинешма официальный сайт";101000000;4;32;34;22;30
"крестовина москвич 412 размеры";6000000;4;30;107;22;31
"купить двигатель на ваз 2105 бу цена в украине";23000;9;46;15;15;30
"украина интернет авто магазин";126000000;4;29;338;6;29
"цилиндр сцепления главный 2123 фото";94000000;5;35;11;9;31
"запчасти в украине на ваз";1000000;5;25;937;7;32
"запчасти на ваз купить украина";3000000;5;30;561;8;32
"замена гидрокомпенсаторов на регулировочные болты нива шевроле";77000000;7;62;35;31;32
"цена на радиатор ваз 2115 украина";117000000;6;33;10;7;32
"кардан на ниву белорусский";94000000;4;26;66;10;32
"термостат лузар гранта 92 градуса";80000000;5;33;22;7;32
"бесшумные замки на ваз 2101 купить в украине";116000000;8;44;12;7;31
"купить кузов с документами ваз 2101 в украине";24000;8;45;45;23;32
"ваз 2111 купить в украине";21000;5;25;326;105;32
"усиленный ступичный узел волгаавтопром нива шевроле";864000;6;51;32;8;32
"амортизаторы скопин оптом";56000000;3;25;8;8;31
"украина ваз 2121 купить";8000000;4;23;529;6;31
"сколько зубьев привод спидометра ваз 2105";119000000;6;41;12;7;32
"купить кузов ваз 2106 с документами в украине";23000;8;45;75;48;32
"страна производитель amp";66000000;3;24;25;8;31
"купить двигатель на ваз 2106 в украине";3000000;7;38;66;6;32
"термостат лузар 92 градуса гранта";60000000;5;33;22;7;33
"шкив коленвала нива шевроле с кондиционером";116000000;6;43;28;9;33
"втулка центрирующая хвостовика кпп 2123";132000000;5;39;20;12;33
"запчасти на ваз украина купить";4000000;5;30;561;8;33
"оао самарский электромеханический завод сэмз г самара";159000000;7;53;12;10;33
"главный тормозной цилиндр ваз 2106 цена украина";74000000;7;47;10;8;33
"автомагазин украина интернет";126000000;3;28;44;22;33
"регулируемая тяга панара нива";41000000;4;29;124;11;33
"какие лучше высоковольтные провода на ваз 2107 инжектор";115000000;8;55;19;15;33
"какие шаровые стоят на ниве 21214";42000000;6;33;19;9;33
"харьковский авторынок лоск запчасти";21000;4;35;22;22;33
"украина ваз 2104";2000000;3;16;829;20;33
"ваз 21214 сепаратор паров бензина";104000000;5;33;29;8;33
"ваз 2111 купить в харькове";19000;5;26;135;13;33
"купить кузов на ваз 2108 на украине";23000;7;35;64;6;32
"купить клапана на ваз 2103 в украине";5000000;7;36;7;7;33
"харьков лоск";34000000;2;12;1568;109;35
"цилиндр главный сцепления 2123 фото";94000000;5;35;11;9;34
"гбц 2101 фото";147000000;3;13;32;14;34
"замок зажигания ваз 2106 купить в украине";84000000;7;41;15;7;34
"лоск харьков автозапчасти";53000000;3;25;45;11;34
"нива 2121 купить в харькове";7000000;5;27;74;6;34
"кзатэ официальный сайт";56000000;3;22;289;260;34
"купить двигатель ваз 2107 в украине";1000000;6;35;30;13;34
"крестовина карданного вала москвич 412 размеры";76000000;6;46;27;18;34
"москвич 412 размер ремня генератора";75000000;5;35;32;9;34
"распредвал ваз 2106 цена в украине";40000000;6;34;22;6;33
"автомагазин интернет украина";126000000;3;28;44;22;34
"2115 харьков купить";2000000;3;19;237;6;34
"кпп 21083 главная пара";105000000;4;22;23;15;34
"резинки впускного коллектора 2112";91000000;4;33;34;6;33
"авторынок харьков лоск";641000;3;22;305;75;35
"размер крестовины 412 москвич";51000000;4;29;106;7;36
"интернет автомагазины украины";124000000;3;29;44;6;35
"перенос кнопок стеклоподъемников нива урбан";37000000;5;43;9;9;35
"авторынок лоск харьков";1000000;3;22;305;75;36
"купить двигатель ваз 2106 в украине";22000;6;35;68;6;35
"каталог luzar online";93000000;3;20;12;12;36
"уплотнитель порога нива шевроле номер в каталоге";51000000;7;48;12;12;35
"занижение 70 фото ваз 2112";47000000;5;26;16;7;35
"цена на генератор на ваз украина";71000000;6;32;45;10;35
"сепаратор паров бензина ваз 21213";104000000;5;33;79;6;35
"рычаги раздатки нива антивибрационные";36000000;4;37;76;14;35
"установка карбюратора к 135 на зил 130";73000000;7;38;17;10;35
"автомагазин онлайн украина";115000000;3;26;15;15;36
"купить двигатель ваз 2103 новый в украине цена";22000;8;46;10;10;35
"купить в харькове ваз 2114";20000;5;26;104;18;35
"подушка кпп 5 ступка нива";187000000;5;25;13;7;36
"размеры подрамника на ваз 2121";76000000;5;30;10;10;37
"размеры крестовины москвич 412";25000000;4;30;106;18;37
"запчасти ваз 2114 оренбург";9000000;4;26;31;6;36
"тихие ручки раздатки на ниву";52000000;5;28;137;17;37
"ваз 2106 купить украина";21000;4;23;2645;32;37
"hola каталог онлайн";107000000;3;19;11;11;37
"антивибрационные ручки раздатки нива";89000000;4;36;71;7;36
"ваз 2121 купить в украине";1000000;5;25;584;38;37
"занижение 70 ваз 2112 фото";19000000;5;26;16;7;36
"главная пара кпп 21083";106000000;4;22;31;25;37
"купить в харькове ваз 2171";21000;5;26;21;7;36
"купить в украине запчасти на ваз 2108";24000;7;37;24;7;36
"ваз 2107 инжектор бронепровода";104000000;4;30;165;15;37
"запчасти на ваз в украине";2000000;5;25;937;7;36
"купить ваз 2171 в харькове";21000;5;26;21;7;36
"главный цилиндр сцепления 2123 фото";94000000;5;35;11;9;37
"электробензонасос низкого давления купить в украине";53000000;6;51;21;9;38
"ось петли двери 2123";119000000;4;20;24;9;38
"севи официальный сайт";60000000;3;21;250;74;38
"рынок лоск харьков официальный сайт";150000000;5;35;17;9;38
"ооо сызрань пластик";153000000;3;19;40;13;38
"шкив коленвала шевроле нива с кондиционером";116000000;6;43;28;9;38
"ваз 2112 70 занижение фото";17000000;5;26;16;7;37
"купить редуктор заднего моста ваз 2103 цена бу чернигов";24000;9;55;22;22;38
"ваз 2112 занижение 70 фото";35000000;5;26;16;7;37
"размеры клапанов на ваз 2112 16 клапанов";116000000;7;40;278;11;38
"ваз 2171 купить в харькове";18000;5;26;21;7;37
"шрусовые карданы на ниву завода серп и молот";75000000;8;44;9;7;37
"уплотнитель лобового стекла нива урбан";127000000;5;38;21;9;38
"купить кузовные запчасти на ваз 2103 в украине";1000000;8;46;7;7;37
"рынок лоск в харькове";50000000;4;21;112;7;37
"привод спидометра ваз 2105 сколько зубьев";120000000;6;41;7;7;38
"полуось заднего моста разгруженного типа 21213 2123 отзывы";107000000;8;58;8;8;40
"купить запчасти на ваз 2106 в украине тюнинг";23000;8;44;14;14;40
"кейэйси кинешма";3000000;2;15;71;7;39
"длина уплотнителя двери ваз 2108";92000000;5;32;24;14;40
"украина ваз запчасти 2108";28000;4;25;66;16;40
"полуось ваз 2106 цена украина";16000000;5;29;12;9;40
"ваз 2104 харьков купить";23000;4;23;149;12;39
"авторынок лоск харьков официальный сайт";130000000;5;39;73;63;40
"шевроле нива замена гидрокомпенсаторов на регулировочные болты";78000000;7;62;12;11;39
"онлайн автомагазин украина";167000000;3;26;15;15;40
"антивибрационные ручки раздатки нива купить";147000000;5;43;45;30;39
"автобазар харьков лоск";813000;3;22;44;12;39
"купить нерастаможенную ниву ваз 2121 в украине";1000000;7;46;11;10;40
"кузов гранта тольятти";2000000;3;21;149;10;39
"шрус в сборе нива шевроле купить в";115000000;7;34;19;6;38
"ваз на запчасти в украине";974000;5;25;930;7;40
"какой генератор стоит на ваз 21214 инжектор";81000000;7;43;44;6;41
"купить бесшумные замки на ваз 2101 в украине";47000000;8;44;14;7;41
"фильтр воздушный приора каталожный номер";61000000;5;40;18;9;41
"запчасти на ваз 2108 в украине купить";22000;7;37;26;7;41
"купить запчасти на ваз 2110 в интернет магазине в украине";121000000;10;57;8;8;41
"auto technology com ua";120000000;4;22;8;7;41
"харьков авторынок лоск";1000000;3;22;305;83;41
"стартер на ваз 2110 купить в харькове";10000000;7;37;15;8;41
"аксессуары ваз 2106 украина";24000;4;27;37;14;41
"руль на ваз 2106 цена в украине";3000000;7;31;20;7;41
"карданы сим саратов упаковка";108000000;4;28;7;7;40
"ваз 2106 украина купить";21000;4;23;2645;32;41
"термостат белмаг 2108 отзывы";1000000;4;28;8;7;41
"купить кпп ваз 2107 5ст бу в украине";9000000;8;36;9;9;41
"нива 21214 дроссельный узел";21000000;4;27;32;7;40
"сэви официальный сайт";105000000;3;21;288;259;42
"цена на бронепровода ваз 2107 инжектор";120000000;6;38;28;13;43
"термостат гранта 92 градуса";84000000;4;27;340;26;43
"размер крестовины карданного вала москвич 412";76000000;6;45;28;8;42
"крестовины москвич 412 размеры";17000000;4;30;107;19;43
"ваз 2104 харьков";1000000;3;16;276;7;42
"лоск харьков официальный сайт";80000000;4;29;111;15;43
"гидрокомпенсаторы нового образца на ваз 21214";118000000;6;45;94;19;42
"скопин амортизаторы завод";44000000;3;25;11;7;42
"пластик сызрань интернет магазин";95000000;4;32;14;11;42
"лоск авторынок харьков";764000;3;22;305;75;43
"номера подшипников раздатки нива";81000000;4;32;113;20;42
"купить кузов ваз 2106 с документами в украине новый";26000;9;51;12;12;42
"ремень генератора москвич 412 размеры";89000000;5;37;36;17;43
"цена на ваз 2104 в харькове";23000;6;27;35;9;42
"усиленный ступичный узел волгаавтопром отзывы";20000;5;45;32;25;42
"ваз 2111 в харькове купить";19000;5;26;135;13;43
"кузов ваз 2106 харьков";1000000;4;22;109;9;44
"рулевая рейка калина с электроусилителем артикул";132000000;6;48;22;13;44
"воздушный фильтр приора каталожный номер";89000000;5;40;21;7;43
"размер ремня генератора москвич 412";78000000;5;35;36;11;44
"крестовина рулевого вала ваз 2105 размеры";108000000;6;41;98;86;44
"купить ниву 2121 нерастаможенную в украине";24000;6;42;75;11;44
"крестовина на москвич 412 размер";24000000;5;32;103;9;43
"генератор приора номер каталожный";39000000;4;33;22;6;43
"гидрокомпенсатор 21214 нового образца";77000000;4;37;152;9;43
"запчасти на ваз 2107 купить в харькове";3000000;7;38;16;13;44
"вал промежуточный 2123 на шрусах";107000000;5;32;39;9;43
"купить автозапчасти на ваз 21099 в интернет магазине в украине";1000000;10;62;9;9;43
"интернет магазин сызрань пластик";95000000;4;32;14;11;44
"болты реактивных тяг 2101 размеры";66000000;5;33;10;8;43
"запчасти ваз 2107 вся украина";28000000;5;29;89;10;43
"hola производитель";30000000;2;18;126;9;44
"салазки нива шевроле";93000000;3;20;308;7;45
"запчасти ваз 2107 интернет магазин украина";71000000;6;42;26;7;45
"купить новый кузов ваз 2106 с документами в украине";24000;9;51;12;12;45
"цилиндр сцепления шевроле нива главный фото";117000000;6;43;8;7;45
"купить детали кузова ваз 2106 в украине";2000000;7;39;9;9;45
"запчасти на ваз на украине";4000000;5;26;937;7;45
"цилиндр сцепления главный нива 21213";122000000;5;36;71;6;44
"автозапчасти харьков лоск";56000000;3;25;45;11;45
"купить в украине рулевую колонку на ваз 2106";23000;8;44;123;113;45
"цилиндр сцепления главный нива шевроле фото";116000000;6;43;11;8;45
"ваз 2110 привод в сборе купить в";71000000;7;32;30;8;44
"каталожный номер стойки приора";62000000;4;30;36;6;44
"занижение ваз 2112 70 фото";76000000;5;26;16;7;45
"купить запчасти на ваз 2107 в украине";1000000;7;37;50;29;45
"какой генератор стоит на ваз 21214 инжектор с 2010 года";185000000;10;55;9;9;44
"тюнавто сайт";72000000;2;12;61;58;46
"кпп 17 автоваза";86000000;3;15;29;9;47
"воздушный фильтр нива шевроле каталожный номер";115000000;6;46;29;25;47
"интернет магазин запчасти ваз 2107 украина";221000000;6;42;26;7;46
"гидрокомпенсаторы на ваз 21214 нового образца";115000000;6;45;94;19;47
"купить замок зажигания ваз 2106 в украине";122000000;7;41;15;7;46
"бинокль ваз 2107";98000000;3;16;115;13;47
"термостат 92 градуса гранта";90000000;4;27;340;26;46
"продажа в харькове ваз 2111";24000;5;27;32;7;46
"крестовина кардана москвич 412 размеры";57000000;5;38;9;8;46
"лоск харьков";34000000;2;12;1553;106;47
"купить харьков ваз";24000;3;18;7592;30;46
"купить в украине запчасти на ваз 2107";24000;7;37;38;9;46
"какой генератор поставить на ваз 21214 инжектор";84000000;7;47;20;14;47
"размер крестовины москвич 412";29000000;4;29;106;7;46
"каталог онлайн лузар";96000000;3;20;35;35;46
"детали кузова ваз 2106 купить в украине";21000;7;39;9;9;47
"цена на ваз 2110 цена в харькове";5000000;7;32;173;6;48
"валео трикотаж украина";113000000;3;22;11;10;48
"ступичный узел на ниву с подшипником ивеко купить в саратове";119000000;10;60;15;15;48
"белорусский кардан на ниву";91000000;4;26;66;10;48
"autorezina com ua";72000000;3;17;17;12;48
"передний мост нива 21213 отвязка";103000000;5;32;23;7;48
"запчастини до ваз 2106";1000000;4;22;60;7;47
"ваз 2107 бинокль";98000000;3;16;115;13;48
"система охлаждения 21083";52000000;3;24;76;6;47
"фото ваз 2110 занижение 70";40000000;5;26;27;11;48
"uspk технология";22000000;2;15;11;7;47
"кузов на ваз 21214 цена тольятти";108000000;6;32;69;7;47
"запчасти на ваз 2170 priora в украине";88000000;7;37;7;7;48
"цилиндр главный сцепления нива";68000000;4;30;1073;24;48
"радиатор ваз 2107 инжектор каталожный номер";113000000;6;43;12;9;47
"автоваз тольятти купить кузов";99000000;4;29;21;6;48
"харьков 2110";1000000;2;12;1518;9;50
"цены на запчасти ваз 2107 в украине";22000;7;35;23;12;50
"автозапчасти газель харьков лоск";6000000;4;32;13;7;49
"ваз 2110 харьков";2000000;3;16;1221;11;50
"купить рулевую колонку на ваз 2106 в украине";1000000;8;44;123;113;50
"купить тюнинг на ниву 2121 в украине";16000000;7;36;9;9;50
"ваз купить в харькове";20000;4;21;7526;67;49
"электробензонасос низкого давления карбюраторный цена украина";25000000;6;61;7;7;49
"кузов тольятти гранта";2000000;3;21;147;10;49
"автобазар лоск харьков";30000000;3;22;44;12;50
"скопин стойки";25000000;2;13;311;6;48
"hola запчасти официальный сайт";155000000;4;30;35;32;49
"резинка лобового стекла нива урбан";134000000;5;34;17;9;50
"лоск харьков авторынок авто продажа";23000;5;35;11;8;49
"какой генератор на ниве 21214";40000000;5;29;116;6;48
"купить кардан на ниву шевроле на шрусах в спб";60000000;9;45;21;8;50
"двухрядный подшипник ивеко в ступицу нивы";45000000;6;41;59;6;52
"купить шаровую опору на ваз 21214 2016 белебей";160000000;8;46;12;12;52
"фото главный цилиндр сцепления нива шевроле";117000000;6;43;9;8;51
"купить переходник ступицы 2108 на классику";158000000;6;42;22;7;52
"тольятти автоваз кузов купить";107000000;4;29;21;6;51
"кинешма кейэйси";3000000;2;15;71;7;52
"стойки скопин";25000000;2;13;311;6;50
"электронное зажигание на ваз 2106 цена купить в донецке";143000000;9;55;7;7;51
"онлайн каталог hola";107000000;3;19;11;11;51
"купить тюнинг запчасти на ваз 2106 в украине";23000;8;44;14;14;52
"цена в харькове на ваз 2104";23000;6;27;22;8;50
"ваз 2107 тяга панара";47000000;4;20;155;36;51
"энгельс бош свечи";41000000;3;17;39;7;52
"rotinger серия tuning5";18000;3;22;96;9;51
"подшипник помпы ваз 2101 размеры";95000000;5;32;16;8;50
